{"cameraMode":{"drawMode":0,"name":"Shaded","section":"Shading Mode"},"sceneLighting":false,"audioPlay":false,"sceneViewState":{"showFog":true,"showMaterialUpdate":false,"showSkybox":false,"showFlares":true,"showImageEffects":true,"showParticleSystems":true},"in2DMode":false,"pivot":{"x":9.729988098144532,"y":1.8691447973251343,"z":-4.616726398468018},"rotation":{"x":-0.2631363570690155,"y":0.438033789396286,"z":-0.1358100324869156,"w":-0.8488385081291199},"size":4.02972936630249,"orthographic":true}